Priority,Channel,Target,Cost hypothesis,Required account or approval,Prepared asset,Next action,Status,Official reference
P0,Search discovery,Google Search Console,Free,Google account and domain ownership,HOSHILU sitemap and canonical URLs,Verify property and submit sitemap,APPROVAL_REQUIRED,https://support.google.com/webmasters/answer/7451001
P0,Search discovery,Bing Webmaster Tools,Free,Microsoft account and domain ownership,HOSHILU sitemap and canonical URLs,Verify property and submit sitemap,RESEARCH_REQUIRED,https://www.bing.com/webmasters/about
P1,Browser marketplace,Chrome Web Store,Developer registration may be charged,Developer account and store review,docs/HOSHILU_CHROME_WEB_STORE_LISTING_v0.4.md,Review package and submit listing,APPROVAL_REQUIRED,https://developer.chrome.com/docs/webstore/publish
P1,Browser marketplace,Microsoft Edge Add-ons,No registration fee per current official documentation,Microsoft developer account and store review,Chrome-compatible extension package and listing copy,Register then submit after Edge QA,APPROVAL_REQUIRED,https://learn.microsoft.com/en-us/microsoft-edge/extensions-chromium/publish/create-dev-account
P1,Earned media,Relevant shopping and consumer-tech editors,Unknown per outlet,External email approval,marketing/HOSHILU_PRESS_AND_PARTNER_KIT_DRAFT_2026-08-01.md,Build named contact list from public editorial pages,RESEARCH_REQUIRED,
P1,Partnership,Brands and authorized retailers,Negotiated,Contract and external email approval,Partner email draft and measurement rules,Prioritize sellers with approved product feeds,RESEARCH_REQUIRED,
P1,Partnership,International resident support media,Negotiated or editorial,External email approval,English service summary and landing page,Verify audience and sponsorship disclosure rules,RESEARCH_REQUIRED,
P2,Offline discovery,Authorized retail counters and events,Printing and placement cost,Placement permission,A6 QR card copy and offline UTM,Confirm venue then print small test batch,APPROVAL_REQUIRED,
P2,Product directory,General product launch directories,Usually free with paid options,External account and submission approval,100-character description and press kit,Verify current eligibility and link policy before applying,RESEARCH_REQUIRED,
