Campaign,Ad group,Keyword,Match type,Status
HOSHILU_Search_202608,商品名不明,商品名 わからない 探す,Phrase,Paused
HOSHILU_Search_202608,商品名不明,名前がわからない 商品 検索,Phrase,Paused
HOSHILU_Search_202608,商品名不明,商品名 思い出せない,Phrase,Paused
HOSHILU_Search_202608,特徴検索,特徴から商品を探す,Phrase,Paused
HOSHILU_Search_202608,特徴検索,見た目で商品検索,Phrase,Paused
HOSHILU_Search_202608,特徴検索,説明から商品を探す,Phrase,Paused
HOSHILU_Search_202608,海外商品,海外商品 日本で買う,Phrase,Paused
HOSHILU_Search_202608,海外商品,アメリカ商品 日本 購入,Phrase,Paused
HOSHILU_Search_202608,海外商品,英語 商品名 日本で探す,Phrase,Paused
